;id –≥—Ä—É–ø–ø—ã;id –ø–æ—Å—Ç–∞;id –ø–æ–ª—å–∑–æ–≤–∞—Ç–µ–ª—è;–ö–æ–º–º–µ–Ω—Ç–∞—Ä–∏–π
0;-63683472;2794126;-209889129;
1;-63683472;2794126;44857480;–ï—Å–ª–∏ —ç—Ç–∏—Ö –ª—é–¥–µ–π –∑–∞–≤–µ–∑—Ç–∏ –∫ –Ω–∞–º, —Ç–æ —É–≤–µ—Ä–µ–Ω, —Å–º–æ–≥—É—Ç.
2;-63683472;2794126;329098773;–ü–æ—Ç–æ–º—É —á—Ç–æ —Ç–∞–º –∞—Ä–º—è–Ω–µ –∏ –¥—Ä—É–≥–∏–µ –º–∏–≥—Ä–∞–Ω—Ç—ã –Ω–µ –∫–ª–∞–¥—É—Ç –∑–∏–º–æ–π –∞—Å—Ñ–∞–ª—å—Ç —á—Ç–æ–± –ø–æ—Ç–æ–º –æ–ø—è—Ç—å –≤—ã–π–≥—Ä–∞—Ç—å —Ç–µ–Ω–¥–µ—Ä –Ω–∞ —è–º–æ—á–Ω—ã–π —Ä–µ–º–æ–Ω—Ç ü§£ü§£ü§£
3;-63683472;2794126;366024543;–í –ê–º–µ—Ä–∏–∫–µ –≤–º–µ—Å—Ç–æ –∞—Å—Ñ–∞–ª—å—Ç–∞ –∏—Å–ø–æ–ª—å–∑—É—é—Ç –±–µ—Ç–æ–Ω
4;-63683472;2794126;453007924;–î—É–º–∞–ª–∞ –ø—Ä–æ –ª—é–¥–µ–π, –∞ —Ç–∞–º –ø—Ä–æ –∞—Å—Ñ–∞–ª—å—Ç...–ê—Ñ—Ç–æ—Ä, –≤—ã —Ç–æ–≥–æ???
5;-63683472;2794126;154853607;[id44857480|–ê–ª–µ–∫—Å–∞–Ω–¥—Ä], –∏ —Ç–µ—Ö, —á—Ç–æ —É –Ω–∞—Å –≤—ã–≤–µ–∑—Ç–∏ –Ω–∞—Ö.—Ä, —Ç–æ–≥–¥–∞ –¥–∞.
6;-63683472;2794126;571801092;"–≠—Ç–∏–º ""–ª—é–¥—è–º"" –µ—â—ë –∏ –ø–æ—Å–æ–±–∏–µ –ø–ª–∞—Ç—è—Ç!"
7;-63683472;2794126;33196285;–í–∏–¥–∏—Ç–µ, —Ç–∞–º –¥–∞–∂–µ –±–æ–º–∂–∏ –±–æ–ª–µ–µ –∫—É–ª—å—Ç—É—Ä–Ω—ã–µ –∏ –ø—Ä–∏—è—Ç–Ω—ã–µ,  –º—É—Å–æ—Ä—è—Ç –ø–æ –¥—Ä—É–≥–æ–º—É, –Ω–µ —Ç–æ —á—Ç–æ –≤ —Ä–∞—à–∫–µüòÇ
8;-63683472;2794126;91489871;[id571801092|–†—É—Å–ª–∞–Ω], 450 –¥–æ–ª—å—Ü–µ–≤ –±–æ–º–∂–æ–≤—Å–∫–∏–µ, –µ—Å–ª–∏ —Ç—ã –≥—Ä–∞–∂–¥–∞–Ω–∏–Ω –ê–º–µ—Ä–∏–∫–∏)) —Ö–æ—Ç—è –∏ –Ω–∞ 2,5 —Ç—ã—Å—è—á–∏ –≤ –º–µ—Å—è—Ü –ø–µ–Ω—Å–∏–æ–Ω–µ—Ä—ã —Å—Ç–∞–Ω–æ–≤—è—Ç—Å—è –±–µ–∑–¥–æ–º–Ω—ã–º–∏. –¢–∞–∫ —á—Ç–æ —Å—Ä–µ–¥–Ω—è—è –≤ 1000 –¥–æ–ª—å—Ü–µ–≤, —ç—Ç–æ –Ω–∏ –æ —á–µ–º)
9;-63683472;2794126;571801092;[id91489871|–õ–∏–∑–∞], –¥–∞ –ø–æ—Ö !–∑–∞—Ç–æ —Å–≤–æ–±–æ–¥–∞!!!üëç
10;-63683472;2794126;484171973;–¢—Ä–µ–∫ –ø—É—à–∫–∞ –Ω–∞ 43 —Å–µ–∫—É–Ω–¥–µ
11;-63683472;2794126;484171973;–∫—Å—Ç–∞—Ç–∏ –æ–¥–µ—Ç—ã —Ö–æ—Ä–æ—à–æ, –∏ –º—É—Å–æ—Ä –¥–æ—Ä–æ–∂–µ —á–µ–º –ø–µ–Ω—Å–∏–∏ –≤ –¥—Ä—É–≥–∏—Ö —Å—Ç—Ä–∞–Ω–∞—Ö :D
12;-63683472;2794126;466382550;–ú–Ω–µ –º–æ–≥—É—Ç –æ–±—ä—è—Å–Ω–∏—Ç—å —á—Ç–æ –ø—Ä–æ–∏—Å—Ö–æ–¥–∏—Ç —Å –≥—Ä—É–ø–ø–æ–π? –ö–∞–∫–æ–≥–æ —Ö—É—è –æ–Ω–∞ –ø—Ä–µ–≤—Ä–∞—â–∞–µ—Ç—Å—è –≤ –≥—Ä—É–ø–ø—É –¥–ª—è –≤–∞—Ç–Ω–∏–∫–æ–≤?
13;-63683472;2794126;91489871;[id571801092|–†—É—Å–ª–∞–Ω], –Ω–∞—Ö–µ—Ä —Ç–∞–∫–æ–π –≥—Ä–∞—Ñ–∏–≥? –ù–∞ –Ω–∞—Ä–∫–æ—Ç—É –ø–æ–¥—Å–∞–∂–∏–≤–∞—é—Ç—Å—è —Ç–æ–ª—å–∫–æ –∑–∞–≤–∏—Å–∏–º—ã–µ. –≠—Ç–æ –≤–æ—Ä—ã –∏ —Ç–æ—Ä–≥–æ–≤—Ü—ã. –ö–∞–∫–∞—è —ç—Ç–æ —Å–≤–æ–±–æ–¥–∞?))
14;-63683472;2794126;571801092;[id91489871|–õ–∏–∑–∞], –≤ –†–æ—Å—Å–∏–∏ —Ç–∞–∫–æ–≥–æ –ø–æ—Å–æ–±–∏—è –æ—Ç—Ä–æ–¥—è—Å—å –Ω–µ –±—ã–ª–æ
15;-63683472;2794126;233378385;–ê–º–µ—Ä–∏–∫–∞–Ω—Å–∫–∞—è –º–µ—á—Ç–∞. –ó–∞—Ç–æ —Ç–∞—á–∫–∏ –¥–æ—Ä–æ–≥–∏–µ
16;-63683472;2794126;426871262;"[id466382550|Dmitriy], –≥—Ä—É–ø–ø–∞ –Ω–∞—á–∏–Ω–∞–µ—Ç —Å–æ–æ—Ç–≤–µ—Ç—Å—Ç–≤–æ–≤–∞—Ç—å —Å–≤–æ–µ–º—É –Ω–∞–∑–≤–∞–Ω–∏—é.
–ó–¥—Ä–∞–≤—ã–π —Å–º—ã—Å–ª –ø–æ–±–µ–¥–∏—Ç —Ä–∂–∞–≤—ã–π!"
17;-63683472;2794126;233378385;[club209889129|–ü–∞—Ä–æ–∫—Å–∏–∑–º –≠–Ω—Ç—Ä–æ–ø–∏–∏], –ò—Ö –æ–ø—è—Ç—å –∏–∑ –¥—É—Ä–¥–æ–º–∞ –≤—ã–ø—É—Å—Ç–∏–ª–∏
18;-63683472;2794126;466382550;"[id426871262|–û–º–∏—á], —Ç–æ –µ—Å—Ç—å –ø–æ —Ç–≤–æ–µ–º—É –º–Ω–µ–Ω–∏—é –∑–¥—Ä–∞–≤—ã–π —Å–º—ã—Å–ª  —ç—Ç–æ –≤—ã—Å—Ä–∞—Ç—å —Ö—É–µ—Ç—É –±–µ–∑ –∫–æ–Ω—Ç–µ–∫—Å—Ç–∞ —á—Ç–æ–± –≤–∞—Ç–∞ –ø–æ—Ä–∞–¥–æ–≤–∞–ª–∞—Å—å? –ò–ª–∏ –¥–ª—è —Ç–µ–±—è –∑–¥—Ä–∞–≤—ã–π —Å–º—ã—Å–ª –Ω–µ —Ä–∞–∑–æ–±—Ä–∞–≤—à–∏—Å—å –≤ –≤–æ–ø—Ä–æ—Å–µ —Å–¥–µ–ª–∞—Ç—å –ø–æ—Å—Ç ""–∑–∞–ø–∞–¥ –∑–∞–≥–Ω–∏–≤–∞–µ—Ç –∏–∑ –∑–∞ —Ç—É–ø—ã—Ö —Ç–æ–ª–µ—Ä–∞—Å—Ç–æ–≤""?"
19;-63683472;2794126;91489871;[id571801092|–†—É—Å–ª–∞–Ω], —Ç–∞–∫ 450 —Ç—ã—Å –∑–∞ –æ–¥–Ω–æ–≥–æ —Ä–µ–±–µ–Ω–∫–∞, —Å–ø–∏—Å—ã–≤–∞–Ω–∏–µ –¥–æ–ª–≥–æ–≤ –ø–æ –∫—Ä–µ–¥–∏—Ç–∞–º, –ø—Ä–æ—á–∏–µ –ø—Ä—è–Ω–∏–∫–∏... –í –∫–∞–∫–æ–π —Å—Ç—Ä–∞–Ω–µ —ç—Ç–æ –µ—Å—Ç—å? –¢–∞–º –¥–∞–∂–µ —Ä–æ–∂–∞—Ç—å –æ–ø–∞—Å–Ω–æ. –ù–µ—Ç –≤—ã–ø–ª–∞—Ç –ø–æ —É—Ö–æ–¥—É –∑–∞ —Ä–µ–±–µ–Ω–∫–æ–º)) —Ç–æ–ª—å–∫–æ –≥–∞—Å—Ç–µ—Ä—ã –æ–¥–Ω–∏ –∏ –∫—Ä–∏–º–∏–Ω–∞–ª)
20;-63683472;2794126;24871813;[id426871262|–û–º–∏—á],
21;-63683472;2794126;67020967;–ê—Å—Ñ–∞–ª—å—Ç –æ—Ç–ª–∏—á–Ω—ã–π. –ì—Ä—è–∑—å —ç—Ç—É —Ç–æ–ª—å–∫–æ —Å–æ—Å–∫—Ä–µ—Å—Ç–∏ –∏ –æ—Ç–ª–∏—á–Ω–æ –±—É–¥–µ—Ç.
22;-63683472;2794126;571801092;[id91489871|–õ–∏–∑–∞], –±–æ–º–∂—É ?–≤–µ–∑–¥–µ –µ—Å—Ç—å  —Å–≤–æ–∏ –ø–ª—é—à–∫–∏)))
23;-63683472;2794126;91489871;[id571801092|–†—É—Å–ª–∞–Ω], –Ω–µ—Ç —Ç–∞–º –Ω–∏–∫–∞–∫–∏—Ö –ø–ª—é—à–µ–∫, –∫—Ä–æ–º–µ –Ω–∞–≤–∞—Ä–∞ –∫—Ä–∏–º–∏–Ω–∞–ª–∞.
24;-63683472;2794126;571801092;–ï—Å—Ç—å!!!!!
25;-63683472;2794126;347221687;—Ç–µ–±–µ –≤ –ª—é–±–æ–π —Å—Ç—Ä–∞–Ω–µ –±—É–¥–µ—Ç —Ö—Ä–µ–Ω–æ–≤–æ, —Ä–∞–∑ —Å–≤–æ—é —Å—Ç—Ä–∞–Ω—É —Ç–∞–∫ –Ω–∞–∑—ã–≤–∞–µ—à—å.
26;-63683472;2794126;426871262;"[id466382550|Dmitriy], –∞ –ø–æ –≤–∞—à–µ–º—É –º–Ω–µ–Ω–∏—é –∑–¥—Ä–∞–≤—ã–π —Å–º—ã—Å–ª - —ç—Ç–æ –≤...—å —Ö...—é –±–µ–∑ –∫–æ–Ω—Ç–µ–∫—Å—Ç–∞, —á—Ç–æ–±—ã —Ö–æ—Ö–ª–æ–∂–æ–ø—ã–µ –∏–ª–∏ –±–µ–¥–∞—Ñ–∏–ª—ã –ø–æ—Ä–∞–¥–æ–≤–∞–ª–∏—Å—å? –ò–ª–∏ –¥–ª—è –≤–∞—Å –∑–¥—Ä–∞–≤—ã–π —Å–º—ã—Å–ª - —Å–¥–µ–ª–∞—Ç—å –ø–æ—Å—Ç ""–†–∞—à–∫–∞ –∑–∞–≥–Ω–∏–≤–∞–µ—Ç –∏–∑-–∑–∞ —Ç—É–ø—ã—Ö –ø–∞—Ç—Ä–∏–æ—Ç–æ–≤""?"
27;-63683472;2794126;426871262;[id24871813|Anatoly], –ø–æ–æ–±—â–∞–µ–º—Å—è?
28;-63683472;2794126;91489871;[id571801092|–†—É—Å–ª–∞–Ω], –°–∫–∞–∂–∏ –≤–æ—Ç, –ø—Ä–æ—Å–Ω–µ—Å–ª–æ—Å—å –≤ —Å–º–∏, —á—Ç–æ –®—Ç–∞—Ç—ã –≤–Ω–æ–≤—å –æ—Ç–∫—Ä—ã–≤–∞—é—Ç –≤–∏–∑—ã —Ä–æ—Å—Å–∏—è–Ω–∞–º –ø–æ –≥—Ä–∏–Ω –∫–∞—Ä—Ç–∞–º. –≠—Ç–æ —Å–ª—É—á–∞–π–Ω–æ –Ω–µ –ø–æ—Ç–æ–º—É, —á—Ç–æ –ø—Ä–µ–¥–ø—Ä–∏—è—Ç–∏—è –±–µ–≥—É—Ç —Å–µ–π—á–∞—Å —Å –ó–∞–ø–∞–¥–∞ –∏ –Ω–µ —Ö–≤–∞—Ç–∞–µ—Ç —Ä–∞–±–æ—á–∏—Ö —Ä—É–∫? –ê –∫–∞–∫ –∂–µ –∫—É—á–∞ –±–µ–∑—Ä–∞–±–æ—Ç–Ω—ã—Ö –Ω–∞ —É–ª–∏—Ü–∞—Ö? –ò–ª–∏ —Ç–∞–º —Ç–æ–ª—å–∫–æ –Ω–µ–≥—Ä—ã, —á—Ç–æ –≥—Ä–∞–±–µ–∂–∞–º–∏ –∂–∏–≤—É—Ç. –ò–º –≤–µ–¥—å –ø–æ–∑–≤–æ–ª–µ–Ω–æ –≥—Ä–∞–±–∏—Ç—å –º–∞–≥–∞–∑—ã?)) –ò–Ω—Ç–µ—Ä–µ—Å–Ω–æ, —á—Ç–æ –∑–∞ –±–∏–∑–Ω–∫—Å —Ç–æ –±–µ–∂–∏—Ç —Å –ï–≤—Ä–æ–ø—ã, –µ—Å–ª–∏ –µ—Å—Ç—Ç –ø–µ—Ä—Å–ø–µ–∫—Ç–∏–≤–∞ –±—ã—Ç—å –æ–≥—Ä–∞–±–ª–µ–Ω–Ω—ã–º –∏ –≥–ª–∞–≤–Ω–æ–µ, –Ω–µ –≤–æ–∑–Ω–∏–∫–∞—Ç—å, –∞ —Ç–æ –ø–æ –∑–∞–∫–æ–Ω—É –æ—Ç–≤–µ—Ç–∏—à—å))
29;-63683472;2794126;466382550;[id426871262|–û–º–∏—á], –º–æ–∂–µ—à—å —Å–∫–∏–Ω—É—Ç—å 2-3 –ø–æ—Å—Ç–∞ –∏–∑ —ç—Ç–æ–π –≥—Ä—É–ø–ø—ã –ø–æ —Ç–≤–æ–µ–π 1 –∏ 2 –ø—Ä–µ—Ç–µ–Ω–∑–∏–∏? –ú–∏–Ω–∏–º—É–º 2 –ø–æ—Å—Ç–∞ –ø–æ –∫–∞–∂–¥–æ–π —Ç–≤–æ–µ–π –ø—Ä–µ—Ç–µ–Ω–∑–∏–∏.
30;-63683472;2794126;571801092;[id91489871|–õ–∏–∑–∞], –∏–º–µ–Ω–Ω–æ: –ø—Ä–æ–Ω–µ—Å–ª–æ—Å—å!!! –≤—Å—ë,–º–Ω–µ —ç—Ç–æ —É–∂–µ –Ω–µ –∏–Ω—Ç–µ—Ä–µ—Å–Ω–æ!
31;-63683472;2794126;91489871;[id571801092|–†—É—Å–ª–∞–Ω], –∫–æ–Ω–µ—á–Ω–æ –Ω–µ –∏–Ω—Ç–µ—Ä–µ—Å–Ω–æ. –° –º–µ—Ç–æ–¥–∏—á–∫–æ–π —Ç–æ –Ω–µ —Å–æ–≤–ø–∞–¥–∞–µ—Ç))
32;-63683472;2794126;571801092;[id91489871|–õ–∏–∑–∞], –∫–æ–Ω–µ—á–Ω–æ —É –Ω–∞—Å —Ä–∞–∑–Ω—ã–µ –º–µ—Ç–æ–¥–∏—á–∫–∏
33;-63683472;2794126;91489871;[id571801092|–†—É—Å–ª–∞–Ω], —É –º–µ–Ω—è –ø–æ–∫–∞ –µ—Å—Ç—å —Å–≤–æ–∏ –º–æ–∑–≥–∏. –ú–µ—Ç–æ–¥–∏—á–∫–∞ –ø–æ–∫–∞ –ø–æ–¥–æ–∂–¥–µ—Ç, –º–æ–∂–µ—Ç –∫ –ø–µ–Ω—Å–∏–∏?))
34;-63683472;2794126;426871262;"[id466382550|Dmitriy], –ø–æ–π–¥—ë–º –¥—Ä—É–≥–∏–º –ø—É—Ç—ë–º!
–í–´ –ø–æ–∫–∞–∂–∏—Ç–µ –ø–æ—Å—Ç –∏–∑ —ç—Ç–æ–π –≥—Ä—É–ø–ø—ã, –≥–¥–µ –†–æ—Å—Å–∏—è –≤—ã–≥–ª—è–¥–∏—Ç –ø—Ä–µ–∑–µ–Ω—Ç–∞–±–µ–ª—å–Ω–æ."
35;-63683472;2794126;571801092;"–î–∞ —É–∂,–≤–µ–∑–¥–µ –ª–µ–∑—Ç—å —ç—Ç–æ ""—Ö–æ—Ä–æ—à–æ""!!!!"
36;-63683472;2794126;91489871;[id571801092|–†—É—Å–ª–∞–Ω], —Å–ª–µ–¥–∏ –∑–∞ —Å–æ–±—ã—Ç–∏—è–º–∏, –º–æ—Ç–∞–π –Ω–∞ —É—Å –∏ –º–µ—Ç–æ–¥–∏—á–∫–∞ –Ω–µ –ø–æ—Ç—Ä–µ–±—É–µ—Ç—Å—è. –ù—É —Ç–æ–ª—å–∫–æ –ª–∏—à—å –∑–∞ –ø–æ–µ—Å—Ç—å –º–æ–∂–Ω–æ –∏ –ø—Ä–µ–¥–∞—Ç—å —Å—Ç—Ä–∞–Ω—É.))
37;-63683472;2794126;757271800;–î–∞—Ç—å –∏–º –≤—Å–µ–º,–≥—Ä–∞–∂–¥–∞–Ω—Å—Ç–≤–æ –†–§.–¶–µ–ª—ã–π –≥–æ—Ä–æ–¥ –í–æ—Ä–∫—É—Ç–∞ —É –Ω–∞—Å –ø—É—Å—Ç—É–µ—Ç.–ö–≤–∞—Ä—Ç–∏—Ä—ã –æ—Ç–¥–∞—é—Ç –¥–∞—Ä–æ–º.–ó–∞–µ–∑–∂–∞–π-–∂–∏–≤–∏.
38;-63683472;2794126;466382550;"[id426871262|–û–º–∏—á], –∞ –Ω–∞—Ö–µ—Ä–∞ –Ω–∞–º –∏–¥—Ç–∏ –¥—Ä—É–≥–∏–º –ø—É—Ç—ë–º? –ú—ã –∂–µ –æ–±–∞ –∑–∞ –æ–±—ä–µ–∫—Ç–∏–≤–Ω–æ—Å—Ç—å. –ò –º—ã –æ–±–∞ —Å –≤–∞–º–∏ —Å–æ–≥–ª–∞—Å–Ω—ã —á—Ç–æ —ç—Ç–æ –Ω–µ–ø—Ä–∞–≤–∏–ª—å–Ω–æ –∫–æ–≥–¥–∞ 1)–¥–µ–ª–∞—é—Ç –ø–æ—Å—Ç –±–µ–∑ –∫–æ–Ω—Ç–µ–∫—Å—Ç–∞ 2) –¥–µ–ª–∞—é—Ç –ø–æ—Å—Ç ""....–∑–∞–≥–Ω–∏–≤–∞–µ—Ç –∏–∑ –∑–∞ ....."" –Ω–µ —Ä–∞–∑–æ–±—Ä–∞–≤—à–∏—Å—å –≤ –≤–æ–ø—Ä–æ—Å–µ. –î–∞–≤–∞–π—Ç–µ –º—ã —Å–Ω–∞—á–∞–ª–∞ —Ä–µ—à–∏–º —ç—Ç–æ—Ç –≤–æ–ø—Ä–æ—Å –∞ –ø–æ—Ç–æ–º —è –≤–∞–º–∏ –æ–±—Å—É–∂—É  ""–≤—ã –ø–æ–∫–∞–∂–∏—Ç–µ –ø–æ—Å—Ç –∏–∑ —ç—Ç–æ–π –≥—Ä—É–ø–ø—ã"""
39;-63683472;2794126;571801092;[id91489871|–õ–∏–∑–∞], –æ–≥–æ!–∫–∞–∫ –≤—Å–µ –∑–∞–ø—É–©–µ–Ω–æ....üëã
40;-63683472;2794126;426871262;[id466382550|Dmitriy], –µ—Å–ª–∏ –ø—Ä–µ–∑–µ–Ω—Ç–∞–±–µ–ª—å–Ω—ã—Ö, –æ–±—ä–µ–∫—Ç–∏–≤–Ω–æ –≤–æ—Å—Ö–≤–∞–ª—è—é—â–∏—Ö –†–æ—Å—Å–∏—é –ø–æ—Å—Ç–æ–≤ –Ω–µ—Ç, —Ç–æ –∏ –≥–æ–≤–æ—Ä–∏—Ç—å –æ –∑–¥—Ä–∞–≤–æ–º —Å–º—ã—Å–ª–µ –Ω–µ –ø—Ä–∏—Ö–æ–¥–∏—Ç—Å—è.
41;-63683472;2794126;57080296;
42;-63683472;2794126;486314375;–Ω—É k–∞–±—ã —Ä–∞–∏—Åe —Ç—É–¥–∞ k –Ω–∏–º –ø—Ä–∏—à–ª–æ —Å –º–æ–ª—å—é –≤–æ –≥–ª–∞–≤e,—Ç–æ –ø–æ–º–∏–º–æ –±–æ–º–∂e–π e—â—ë –∏ –∞—Å—Ñ–∞–ª—å—Ç —É—à–∞—Ç–∞–Ω—ã–π –±—ã–ª –±—ã –∏ –¥–æ—Ä–æ–≥–∏ —Å k–æ–ª–¥–æ—ë–±–∏–Ω–∞–º–∏ –¥–∞ –¥—ã—Ä–∞–º–∏ –ø—Ä—è–º –≤ –∞–¥ –≤e–¥—É—â–∏–º–∏)
43;-63683472;2794126;466382550;"[id426871262|–û–º–∏—á], –∞ –µ—Å–ª–∏ –≤–∞–º –ø–æ—Ö—É–π –Ω–∞ –æ–±—ä–µ–∫—Ç–∏–≤–Ω–æ—Å—Ç—å –∏ –≤—ã –≤—ã—Å—Ä–∞–ª–∏ —Å–≤–æ–π –∫–æ–º–º–µ–Ω—Ç–∞—Ä–∏–π –ø–æ—Ç–æ–º—É —á—Ç–æ –≤—ã –≤–∞—Ç–Ω–∏–∫ –∏ –≤—ã –Ω–µ —Å–æ–±–∏—Ä–∞–µ—Ç–µ—Å—å —Å–Ω–∞—á–∞–ª–∞ —Å–∫–∏–Ω—É—Ç—å 4 –ø—Ä–∏–º–µ—Ä–∞ –∞ –ø–æ—Ç–æ–º –æ–±—Å—É–¥–∏—Ç—å —Å–æ –º–Ω–æ–π –ø–æ–ª–æ–∂–∏—Ç–µ–ª—å–Ω—ã–µ –ø–æ—Å—Ç—ã –ø—Ä–æ –†–æ—Å—Å–∏—é —Ç—É—Ç.....—Ç–æ–≥–¥–∞ –Ω–∞–º —Å –≤–∞–º–∏ –Ω–µ –æ —á–µ–º –≥–æ–≤–æ—Ä–∏—Ç. –Ø –≥–æ—Ç–æ–≤ –∫ –¥–∏—Å–∫—É—Å—Å–∏–∏, –Ω–æ –∫ –ª–æ–≥–∏—á–Ω–æ–π –∏ –∫–æ–Ω—Å—Ç—É—Ä–∫—Ç–∏–≤–Ω–æ–π. –ú—ã –∏–∑–Ω–∞—á–∞–ª—å–Ω–æ –Ω–∞—á–∞–ª–∏ –≥–æ–≤–æ—Ä–∏—Ç—å –ø—Ä–æ –æ–±—ä–µ–∫—Ç–∏–Ω–æ–≤—Å—Ç—å. –¢–∞–∫ –¥–∞–≤–∞–π—Ç–µ —Ä–∞–∑–±–µ—Ä—ë–º—Å—è –í–ú–ï–°–¢–ï —Å —ç—Ç–æ–π —Ç–µ–º–æ–π –∞ –ø–æ—Ç–æ–º –í–ú–ï–°–¢–ï —Ä–∞–∑–±–µ—Ä—ë–º—Å—è —Å —Ç–µ–º–æ–π ""–ø–æ–ª–æ–∂–∏—Ç–µ–ª—å–Ω—ã—Ö –Ω–æ–≤–æ—Å—Ç–µ–π –ø—Ä–æ –†–æ—Å—Å–∏—é –≤ —ç—Ç–æ–π –≥—Ä—É–ø–ø–µ"" –æ–∫?"
44;-63683472;2794126;466382550;"[id426871262|–û–º–∏—á], ""[id466382550|Dmitriy], –µ—Å–ª–∏ –ø—Ä–µ–∑–µ–Ω—Ç–∞–±–µ–ª—å–Ω—ã—Ö, –æ–±—ä–µ–∫—Ç–∏–≤–Ω–æ –≤–æ—Å—Ö–≤–∞–ª—è—é—â–∏—Ö –†–æ—Å—Å–∏—é –ø–æ—Å—Ç–æ–≤ –Ω–µ—Ç, —Ç–æ –∏ –≥–æ–≤–æ—Ä–∏—Ç—å –æ –∑–¥—Ä–∞–≤–æ–º —Å–º—ã—Å–ª–µ –Ω–µ –ø—Ä–∏—Ö–æ–¥–∏—Ç—Å—è."" –≠—Ç–æ —É–∂–µ –≤—Ç–æ—Ä–∞—è —Ç–µ–º–∞. –î–∞–≤–∞–π—Ç–µ —Å–Ω–∞—á–∞–ª–∞ —Ä–∞–∑–±–µ—Ä—ë–º—Å—è —Å 1 —Ç–µ–º–æ–π –ø–æ–∂–∞–ª—É–π—Å—Ç–∞. –û–∫?"
45;-63683472;2794126;91489871;[id571801092|–†—É—Å–ª–∞–Ω], –∞ —á—Ç–æ –º–∞–ª–æ –≤ –†–§ –ø—Ä–µ–¥–∞—Ç–µ–ª–µ–π –∏–∑ –∑–∞ –±–∞–±–æ–∫? –î–∞ –ø–æ–ª–Ω–∞ –∂–æ–ø–∞ –æ–≥—Ä—É—Ä—Ü–æ–≤)) –ù–æ –±–ª–∞–≥–æ–¥–∞—Ä–Ω–∞ –ï–≤—Ä–æ–ø–µ –∑–∞ —Ä—É—Å–æ—Ñ–æ–±–∏—é.  –ó–∞—á–∏—â–∞—é—Ç –ø–æ –ø–æ–ª–Ω–æ–π –≤—Å–µ—Ö –±–µ–≥–ª–µ—Ü–æ–≤))
46;-63683472;2794126;461498232;–í–∞—Ç–µ –±—Ä–æ—Å–∏–ª–∏ —Å—Ç–∞—Ä–∏–Ω–Ω—É—é –ø—Ä–æ–ø–∞–≥–∞–Ω–¥–∏—Å—Ç—Å–∫—É—é –∫–æ—Å—Ç—å
47;-63683472;2794126;266884711;–í–∏–¥–æ—Å —Å—Ç–∞—Ä—ã–π: –¢—Ä–µ–∫–∏ 90—Ö –≥–æ–¥–æ–≤, –≥–æ–≤–æ—Ä—è—Ç merry Christmas, –ê –Ω–µ happy holidays. –ë–æ–º–∂–∏ –Ω–∞—Å—Ç–æ–ª—å–∫–æ –º–∞–∂–æ—Ä—ã, —á—Ç–æ –∂—Ä—É—Ç –µ–¥—É –Ω–æ–≤—É—é –∏–∑ —Ñ–∞—Å—Ç—Ñ—É–¥–æ–≤, –æ–±–ª–∞–¥–∞—é—Ç –∏–Ω–≤–∞–ª–∏–¥–Ω—ã–º–∏ –∫–æ–ª—è—Å–∫–∞–º–∏ –∏ –Ω–æ–≤—ã–º–∏ —Ç–µ–ª–µ–∂–∫–∞–º–∏. –†–∞—à–∫–∏–Ω—Å–∫–æ–º—É —Å—Ä–µ–¥–Ω–µ–º—É –∫–ª–∞—Å—Å—É —Ç–∞–∫–æ–µ –∏ –Ω–µ —Å–Ω–∏–ª–æ—Å—åü§∑‚Äç‚ôÇÔ∏èü§¶‚Äç‚ôÇÔ∏èü§£
48;-63683472;2794126;49646142;–ò —É –±–æ–º–∂–µ–π, –∫–æ—Ç–æ—Ä—ã–µ —è–≤–ª—è—é—Ç—Å—è –≥—Ä–∞–∂–¥–∞–Ω–∞–º–∏ —Å—à–∞, —É –Ω–∏—Ö –ø–æ—Å–æ–±–∏–µ –±–æ–ª—å—à–µ —á–µ–º –≤–∞—à–∞ –∑–øü§°
49;-63683472;2794126;426871262;[id466382550|Dmitriy], —É—á–∏—Ç—ã–≤–∞—è –≤–∞—à–µ –Ω–µ—Å–¥–µ—Ä–∂–∞–Ω–Ω–æ–µ –ø–æ–≤–µ–¥–µ–Ω–∏–µ, –æ—Å–∫–æ—Ä–±–ª–µ–Ω–∏—è –≤ –º–æ–π –∞–¥—Ä–µ—Å, –ø—Ä–æ–¥–æ–ª–∂–∞–µ–º –æ–±—â–µ–Ω–∏–µ –∏ –∫–æ–Ω—Å—Ç—Ä—É–∫—Ç–∏–≤ –Ω–∞ –º–æ–∏—Ö —É—Å–ª–æ–≤–∏—è—Ö –∏ –±–æ–ª—å—à–µ –Ω–∏–∫–∞–∫!
50;-63683472;2794126;486314375;[id233378385|–í–ª–∞–¥–∏–º–∏—Ä], –Ωe—Ç,–Ω—É –∑–∞—áe–º –æ–ø—Ä–∞–≤–¥—ã–≤–∞—Ç—å —Ä–æ—Å—Å–∏—è–Ω—Åk–æe —Ée–±–∞–Ω—Å—Ç–≤–æ –≤ —Üe–ª–æ–º, –∞–ºe—Ä–∏k–∞–Ω—Åk–∏–º–∏ –≥e—Ç—Ç–æ,—è –Ωe –ø–æ–Ω–∏–º–∞—é.–ò —á—Ç–æ?–ù–∞–≤–∞–ª–∏—Ç—å —Å—é–¥–∞ —Ñ–æ—Ç–æk —Å —Ä–æ—Å—Å–∏–π—Åk–∏—Ö –¥–≤–æ—Ä–æ–≤?)
51;-63683472;2794126;1590662;—ç—Ç–æ —Å–∞–º—ã–π –Ω–∞—Ä–∫–æ–º–∞–Ω—Å–∫–∏–π —Ä–∞–π–æ–Ω –≤ —Ñ–∏–ª–∞–¥–µ–ª—å—Ñ–∏–∏ –∏ –≤ —Å—à–∞, –≤ –æ—Å—Ç–∞–ª—å–Ω–æ–º –≥–æ—Ä–æ–¥–µ —Ç–∞–∫–æ–≥–æ –Ω–µ—Ç, –∫–∞–∫ –∏ –≤ –¥—Ä—É–≥–∏—Ö —à—Ç–∞—Ç–∞—Ö, —Ç–∞–∫ —á—Ç–æ –º–∏–º–æ, —É—á–∏ –º–∞—Ç—á–∞—Å—Ç—å, –∞ –Ω–µ –¥–∏–∑–∏–Ω—Ñ–æ—Ä–º–∏—Ä—É–π –ª—é–¥–µ–π, –±–æ—Ç –≤–±—Ä–∞—Å—ã–≤–∞—Ç–µ–ª—å
52;-63683472;2794126;367262016;–ò –Ω–∏ –æ–¥–Ω–æ–≥–æ –±–µ–ª–æ–≥–æ
53;-63683472;2794126;233378385;[id486314375|–°—Ç–∞–Ω–∏—Å–ª–∞–≤], –î–∞ —è –∏ –Ω–µ –≥–æ–≤–æ—Ä–∏–ª —á—Ç–æ –≤ –†–æ—Å—Å–∏–∏ –ª—É—á—à–µ. –ù–æ —Ç–∞–∫–æ–≥–æ —è –¥–∞–∂–µ –≤ –†–æ—Å—Å–∏–∏ –Ω–µ –≤–∏–¥–µ–ª
54;-63683472;2794126;233378385;[id1590662|Ilya], –°–∞–º —Ç—ã –±–æ—Ç. –Ø –Ω–µ –≥–æ–≤–æ—Ä–∏–ª —á—Ç–æ —Ä–∞—à–∫–∞ –ø—Ä–æ—Ü–≤–µ—Ç–∞—é—â–∞—è —Å—Ç—Ä–∞–Ω–∞. –£ —Ç–µ–±—è –ø—Ä–æ—Å—Ç–æ –ø–∞—Ä–∞–Ω–æ–∏–¥–∞–ª—å–Ω–∞—è —à–∏–∑–æ—Ñ—Ä–µ–Ω–∏—èü§£
55;-63683472;2794126;89400916;–æ–Ω–∏ —Ö–æ—Ç—è –±—ã –ø—Ä–∏ —ç—Ç–æ–º –±–µ–∑—Ä–∞–±–æ—Ç–Ω—ã–µüòî
56;-63683472;2794126;1590662;"–¥–∞, –∑–∞—Ç–æ —Ç—ã –æ–±–æ–±—â–∏–ª –ø–æ –æ–¥–Ω–æ–º—É —Å–∞–º–æ–º—É –Ω–µ –±–ª–∞–≥–æ–ø–æ–ª—É—á–Ω–æ–º—É —Ä–∞–π–æ–Ω—É —Å—Ä–∞–∑—É –∑–∞ –≤—Å—é —Å—Ç—Ä–∞–Ω—É, —Ç–æ–µ—Å—Ç—å –Ω–∞–º–µ—Ä–µ–Ω–Ω–æ –∏—Å–∫–∞–∑–∏–ª —Ñ–∞–∫—Ç—ã, –≤ —É–≥–æ–¥—É —Å–≤–æ–µ–≥–æ –º–Ω–µ–Ω–∏—è. —Ç—ã –ª–∏–±–æ –ø—Ä–æ—Å—Ç–æ –Ω–µ–¥–∞–ª–µ–∫–∏–π –∏–¥–∏–æ—Ç, –ø–æ—Å—Ç–∏—à—å —ç—Ç–æ —Ä–∞–¥–∏ —Ö–µ–π—Ç–∞ –∏–∑–∑–∞ –æ–±–∏–¥–∫–∏ –∏–ª–∏ —Ö–∑ —á–µ–≥–æ, –ª–∏–±–æ —Ç—ã –±–æ—Ç, –∏ –¥–ª—è —Ç–µ–±—è —ç—Ç–æ –≤ –ø–æ—Ä—è–¥–∫–µ –≤–µ—â–µ–π, –ø–æ—Ç–æ–º—É —á—Ç–æ —ç—Ç–æ —Ç–≤–æ—è –æ—Å–Ω–æ–≤–Ω–∞—è —Ä–∞–±–æ—Ç–∞.
""–ó–∞—Ç–æ —Ç–∞—á–∫–∏ –¥–æ—Ä–æ–≥–∏–µ"" - –∏ —ç—Ç–æ —Ç–æ–∂–µ –ø–æ–ª–Ω—ã–π –ø–∏–∑–¥–µ–∂, —Å–µ–π—á–∞—Å –æ–¥–Ω–æ –∏–∑ —Å–∞–º—ã—Ö –¥–æ—Ä–æ–≥–∏—Ö –º–µ—Å—Ç –¥–ª—è –ø–æ–∫—É–ø–∫–∏ –∞–≤—Ç–æ, —ç—Ç–æ —Ä–æ—Å—Å–∏—è, –≤ —à—Ç–∞—Ç–∞—Ö –∞–≤—Ç–æ —Å—Ç–æ–∏—Ç –≤ 3-4 —Ä–∞–∑–∞ –¥–µ—à–µ–≤–ª–µ, —Ç–∞–∫ —á—Ç–æ –æ–ø—è—Ç—å –¥–∏–∑–∏–Ω—Ñ–∞ –∏ –ª–æ–∂—å.
–∫—Ä–∞—Å–∞–≤–∞, —Ç—ã –æ–ø—è—Ç—å —Å–∞–º —Å–µ–±—è –∑–∞–∫–æ–ø–∞–ª, —Ç–∞–∫ –¥–µ—Ä–∂–∞—Ç—å"
57;-63683472;2794126;233378385;[id1590662|Ilya], –Ø –Ω–∏—á–µ–≥–æ –Ω–µ –æ–±–æ–±—â–∞–ª. –ì–æ–≤–æ—Ä—é –∂–µ —É —Ç–µ–±—è –ø–∞—Ä–∞–Ω–æ–∏–¥–∞–ª—å–Ω–∞—è —à–∏–∑–æ—Ñ—Ä–µ–Ω–∏—è.
58;-63683472;2794126;233378385;[id1590662|Ilya], –ü–æ—Å–º–æ—Ç—Ä–∏ —á—Ç–æ —è –ø—Ä–æ –∑–∞–ø—É—Ç–∏–Ω—Ü–µ–≤ –Ω–∞–ø–∏—Å–∞–ª
59;-63683472;2794126;486314375;[id233378385|–í–ª–∞–¥–∏–º–∏—Ä], –º–Ωe —áe–º-—Ç–æ –Ω–∞–ø–æ–º–Ω–∏–ª–æ k–ª–∏–ø—á–∏k —ç—Ç–æ—Ç
60;-63683472;2794126;1590662;"""–ê–º–µ—Ä–∏–∫–∞–Ω—Å–∫–∞—è –º–µ—á—Ç–∞"" - –∏–∑–≤–µ—Å—Ç–Ω—ã–π —Ç–µ—Ä–º–∏–Ω, –æ–±–æ–±—â–∞—é—â–∏–π –≤—Å—é –∞–º–µ—Ä–∏–∫—É, —Ç—ã –æ–ø—è—Ç—å –æ–±–æ—Å—Ä–∞–ª—Å—è, —É —Ç–µ–±—è –±–æ—Ç–æ-—à–µ—Å—Ç–µ—Ä–Ω–∞—è –ø–∏–∑–¥–µ–∂–µ–≥–µ–Ω–∏—è, —Ç–∞–∫ —á—Ç–æ —Ç–≤–æ–∏ –¥–µ—Ç—Å–∫–∏–µ –æ—Ç–º–∞–∑–∫–∏ –Ω–µ —Ä–∞–±–æ—Ç–∞—é—Ç, –Ω–µ –ø–∏—à–∏ –º–Ω–µ –±–æ–ª—å—à–µ, –¥—É—Ä–∞—á–µ–∫, —Ç—ã —Å–∞–º —Å–µ–±—è –≤—Å–µ —Ä–∞–≤–Ω–æ –¥–∏—Å–∫—Ä–µ–¥–∏—Ç–∏—Ç—Ä–æ–≤–∞–ª"
61;-63683472;2794126;233378385;[id1590662|Ilya], –ò–ª–∏ –ø—Ä–æ —Ä–∞—à–∫—É –º–æ–∂–Ω–æ  —Ç–æ–ª—å–∫–æ –ø–ª–æ—Ö–æ–µ –ø–∏—Å–∞—Ç—å, –∞ –ø—Ä–æ –ê–º–µ—Ä–∏–∫—É –Ω–µ–ª—å–∑—è? ü§£
62;-63683472;2794126;155990278;[id91489871|–õ–∏–∑–∞], –Ω–æ –∏–º –ø–ª–∞—Ç—è—Ç –∫—É–¥–∞ –±–æ–ª—å—à–µ, —á–µ–º —Ç–µ–±–µ, 15 —Ä—É–±–ª—ë–≤–æ–º—É –∫—Ä–µ–º–ª–µ–±–æ—Ç—É (–Ω–∞—Å—Ç–æ—è—â–µ–≥–æ –ø—Ä–µ–¥–∞—Ç–µ–ª—è —Å—Ç—Ä–∞–Ω—ã –∑–∞ –±–∞–±–∫–∏).
63;-63683472;2794126;233378385;[id1590662|Ilya], –û–±–æ—Å—Ä–∞–ª—Å—è —Ç—É—Ç —Ç–æ–ª—å–∫–æ —Ç—ã. –¢–∞–∫ —á—Ç–æ –∏–¥–∏ —à—Ç–∞–Ω—ã —Å—Ç–∏—Ä–∞–π
64;-63683472;2794126;1590662;"""–ò–ª–∏ –ø—Ä–æ —Ä–∞—à–∫—É –º–æ–∂–Ω–æ —Ç–æ–ª—å–∫–æ –ø–ª–æ—Ö–æ–µ –ø–∏—Å–∞—Ç—å"" - —è —á—Ç–æ —Ç–æ –ø—Ä–æ —Ä–∞—à–∫—É –≥–æ–≤–æ—Ä–∏–ª? –ø–æ–∫–∞–∂–∏ –ø–∞–ª—å—Ü–µ–º –≥–¥–µ? —É —Ç–µ–±—è –ø–æ—Ö–æ–¥—É –ø–∞—Ä–∞–Ω–æ–∏–¥–∞–ª—å–Ω–∞—è —à–∏–∑–æ—Ñ—Ä–µ–Ω–∏—è.
–∏ —Ç–æ —á—Ç–æ —Ç—ã —á—Ç–æ —Ç–æ —Ç–∞–º –¥—Ä—É–≥–æ–µ –ø–∏—Å–∞–ª, –Ω–µ –æ—Ç–º–µ–Ω—è–µ—Ç —Ñ–∞–∫—Ç–∞ —Ç–æ–≥–æ, —á—Ç–æ —Ç—ã –ø–∏–∑–¥–∞–±–æ–ª –≤ —ç—Ç–æ–º –ø–æ—Å—Ç–µ, –∏ –∫–∏–¥–∞–µ—à—å –¥–∏–∑–∏–Ω—Ñ—É –≤ –∫–æ–º—ã, –Ω–µ –∑–Ω–∞—è –¥–∞–∂–µ —Å—É—Ç–∏ —Ç–æ–≥–æ —á—Ç–æ —Ç—ã –∫–∏–Ω—É–ª.
—ç—Ç–æ —Ö–æ—Ä–æ—à–∞—è –æ—Ç–º–∞–∑–∫–∞ –¥–ª—è –±–æ—Ç–∞, –º–æ–ª —è —Ç–∞–º —á–µ—Ç–æ –ø–∏–∑–¥–µ–ª –ø—Ä–æ –¥—Ä—É–≥–∏–µ –≤–∏–¥–æ—Å—ã. —Ç–∞–∫ —á—Ç–æ —è –Ω–µ –±–æ—Ç, –Ω–æ –Ω–µ—Ç, —ç—Ç–æ —Ç–∞–∫ –Ω–µ —Ä–∞–±–æ–∞–µ—Ç, —Ç—ã —Å–≤–æ–∏–º –∫–æ–º–µ–Ω—Ç–æ–º —É–∂–µ —Å–ø–∞–ª–∏–ª—Å—è, —Ç–∞–∫ —á—Ç–æ –º–æ–∂–µ—à—å –Ω–µ –ª–µ–ø–∏—Ç—å —É–±–æ–≥–∏–µ –¥–µ—Ç—Å–∫–∏–µ –æ—Ç–º–∞–∑–∫–∏
–∏ –∫ —Å–ª–æ–≤—É, —á—Ç–æ –∏–∑ —Å–ª–æ–≤ –ù–ï –ü–ò–®–ò –ú–ù–ï –±–æ–ª—å—à–µ, —Ç—ã –Ω–µ –ø–æ–Ω—è–ª? –ø–æ–≤—Ç–æ—Ä—é –¥–ª—è –Ω–µ–ø–æ–Ω—è—Ç–ª–∏–≤—ã—Ö —Ñ–µ–π–∫–æ–≤, –ù–ï –ü–ò–®–ò –º–Ω–µ –±–æ–ª—Ç—à–µ, –±–æ—Ç–∏–Ω–æ–∫, –∏–ª–∏ —è –∑–∞–ª–æ—á—É —Ç–≤–æ–∏ —É–≤–µ–¥–æ–º–ª–µ–Ω–∏—è, –±—É–¥–µ—à—å —Å–∞–º —Å–µ–±–µ –¥–æ–∫–∞–∑—ã–≤–∞—Ç—å. —á—Ç–æ —É —Ç–µ–±—è –Ω–µ—Ç —à–∏–∑—É—Ö–∏"
65;-63683472;2794126;233378385;[id1590662|Ilya], –ù—É –≥—Ä—É–ø–ø–∞ —Ç–æ –ø—Ä–æ —ç—Ç–æ. –í–æ–ø—Ä–æ—Å—ã –∫ –∞–¥–º–∏–Ω—É. –Ø –≤—Å—ë –ø–æ —Ç–µ–º–µ –ø–æ—Å—Ç–∞ –Ω–∞–ø–∏—Å–∞–ª. –ê —Ç—ã –æ–±–æ—Å—Ä–∞–ª—Å—è
66;-63683472;2794126;233378385;[id1590662|Ilya], –ë—É–¥–µ—Ç –≤–∏–¥–µ–æ –ø—Ä–æ —Ä–∞—à–∫—É –∏ –ø—Ä–æ –Ω–µ—ë —Ç–∞–∫–æ–µ –≤–∏–¥–µ–æ –Ω–∞–π–¥—É –Ω–µ —Å–æ–º–Ω–µ–≤–∞–π—Å—è
67;-63683472;2794126;1590662;"—è—Å–Ω–æ, –±–æ—Ç –∑–∞–º–∫–Ω—É–ª–æ, –∏ –æ–Ω —É–∂–µ –Ω–µ –º–æ–∂–µ—Ç –¥–∞–∂–µ –Ω–æ—Ä–º–∞–ª—å–Ω–æ –æ—Ç–º–∞–∑–∞—Ç—å—Å—è, –∏ –ø–æ–∫–∞–∑–∞—Ç—å –ø–∞–ª—å—Ü–µ–º, –≥–¥–µ —è –ø–∏—Å–∞–ª –ø—Ä–æ —Ä–∞—à–∫—É? –∏ –ø—Ä–æ–¥–æ–ª–∂–∞–µ—à—å –ª–µ–ø–∏—Ç—å –Ω–µ–ª–µ–ø—ã–µ –æ—Ç–º–∞–∑–∫–∏, –Ω–µ –ø–æ–Ω–∏–º–∞—è, —á—Ç–æ –æ–Ω —É–∂–µ –º–∞–∫—Å–∏–º–∞–ª—å–Ω–æ —Å–ø–∞–ª–∏–ª—Å—è –∏ –æ–±–æ—Å—Ä–∞–ª—Å—è xDD
–∏ –ø–æ—Å–∫–æ–ª—å–∫—É —Ç—ã —Ä–µ–∞–ª—å–Ω–æ –ø–æ—Ö–æ–¥—É —Ç—É–ø–æ–π, –∏ –Ω–µ —É–º–µ–µ—à—å —á–∏—Ç–∞—Ç—å –∏ –≤ —Å–º—ã—Å–ª –ø—Ä–µ–¥–ª–æ–∂–µ–Ω–∏–π, —Ä–∞–∑ –ø—Ä–æ–¥–æ–ª–∂–∞–µ—à—å –º–Ω–µ —Å—Ç—Ä–æ—á–∏—Ç—å —Å–≤–æ–π –±—Ä–µ–¥, –¥–∞–∂–µ –ø–æ—Å–ª–µ —Å–ª–æ–≤ –Ω–µ –ø–∏—Å–∞—Ç—å –º–Ω–µ –∏ –æ—Ç—Å—Ç–∞—Ç—å –æ—Ç –º–µ–Ω—è. —Ä–∞–∑ —Ç–∞–∫, —Ç–æ –æ–∫. —Ç—ã –≤ –ª–æ–∫–µ. –µ–±–∞—à—å —Å–≤–æ–π —à–∏–∑–æ—Ñ—Ä–µ–Ω–∏—á–µ—Å–∫–∏ –ø—Ä–µ–¥–≤–∑—è—Ç—ã–π –º–∞—Ä–∞–∑–º –ø—Ä–æ —Å—à–∞, –ø–æ –≤–∏–¥–æ—Å–∞–º –∏–∑ –æ–¥–Ω–æ–≥–æ —Ä–∞–π–æ–Ω–∞ —Ñ–∏–ª–∞–¥–µ–ª—å—Ñ–∏–∏, –∏ –ª–µ–ø–∏ –Ω–µ–ª–µ–ø—ã–µ –æ—Ç–º–∞–∑–∫–∏ –∏ –¥–∞–ª—å—à–µ, —Ç–æ–ª—å–∫–æ —Ç–µ–ø–µ—Ä—å —É–∂–µ –±–µ–∑ –º–µ–Ω—è –∏ –≤ –ø—É—Å—Ç–æ—Ç—É"
68;-63683472;2794126;233378385;[id1590662|Ilya], –û—Ç —á–µ–≥–æ –º–Ω–µ –æ—Ç–º–∞–∑—ã–≤–∞—Ç—å—Å—è —Ç–æ? ü§£–¢—ã –±–æ–ª—å–Ω–æ–π —á—Ç–æ-–ª–∏?
69;-63683472;2794126;339042592;–í –†–æ—Å—Å–∏–∏ –¥–∞–≤–Ω–æ –±—ã –º–µ–Ω—Ç—ã –Ω–∞—Ö–µ—Ä–∞—á–∏–ª–∏ –¥—É–±–∏–Ω–∫–∞–º–∏ –∏ –≤—ã–≤–µ–∑–ª–∏ –≤ –ª–µ—Å –∫—É–¥–∞ –ø–æ–¥–∞–ª—å—à–µ
70;-63683472;2794126;442457832;[id49646142|Egor], –∞–≥–∞, –∏ —ç—Ç–æ —Å—Ç–∏–ª—å –∏—Ö –∂–∏–∑–Ω–∏.
71;-63683472;2794126;18352277;–ê–¥–º–∏–Ω —Ä–∏—Å–∫—É–µ—Ç –ø–æ–ª—É—á–∏—Ç—å 15 —Ä—É–±–ª–µ–π –æ—Ç –∫—Ä–µ–º–ª—è
